iter	Passed	Remaining
0	18	18550
1	35	17481
2	51	17206
3	66	16566
4	82	16391
5	98	16278
6	111	15811
7	132	16392
8	148	16352
9	162	16087
10	185	16672
11	201	16618
12	218	16560
13	234	16484
14	249	16355
15	262	16128
16	278	16110
17	294	16073
18	311	16064
19	325	15956
20	341	15928
21	357	15892
22	374	15896
23	390	15887
24	406	15848
25	421	15789
26	437	15775
27	453	15753
28	469	15724
29	485	15700
30	501	15661
31	517	15647
32	533	15623
33	549	15620
34	563	15532
35	577	15452
36	593	15451
37	610	15446
38	623	15372
39	639	15348
40	655	15328
41	671	15311
42	687	15302
43	704	15306
44	721	15310
45	737	15288
46	752	15256
47	766	15207
48	782	15188
49	798	15172
50	814	15151
51	830	15133
52	845	15112
53	861	15099
54	876	15065
55	890	15010
56	906	15002
57	922	14985
58	937	14951
59	951	14907
60	969	14917
61	985	14916
62	998	14855
63	1014	14839
64	1031	14832
65	1047	14827
66	1063	14813
67	1079	14799
68	1100	14847
69	1117	14846
70	1133	14827
71	1149	14815
72	1165	14802
73	1181	14790
74	1197	14764
75	1212	14744
76	1228	14727
77	1244	14707
78	1260	14693
79	1275	14671
80	1291	14654
81	1308	14654
82	1325	14643
83	1341	14624
84	1356	14603
85	1372	14582
86	1387	14565
87	1404	14551
88	1420	14537
89	1434	14507
90	1450	14487
91	1466	14475
92	1482	14456
93	1497	14437
94	1511	14400
95	1527	14383
96	1540	14345
97	1556	14327
98	1572	14314
99	1589	14301
100	1605	14290
101	1621	14278
102	1638	14266
103	1654	14252
104	1670	14239
105	1686	14224
106	1701	14200
107	1717	14187
108	1733	14173
109	1749	14157
110	1765	14142
111	1781	14122
112	1797	14110
113	1811	14078
114	1827	14063
115	1843	14048
116	1859	14032
117	1875	14019
118	1889	13986
119	1904	13969
120	1916	13924
121	1933	13912
122	1949	13897
123	1964	13880
124	1981	13867
125	1996	13850
126	2012	13836
127	2024	13793
128	2040	13778
129	2056	13765
130	2072	13750
131	2089	13737
132	2104	13721
133	2121	13708
134	2136	13691
135	2152	13674
136	2168	13658
137	2184	13642
138	2199	13626
139	2215	13612
140	2231	13592
141	2246	13576
142	2263	13562
143	2275	13525
144	2290	13508
145	2306	13493
146	2322	13477
147	2336	13449
148	2351	13433
149	2367	13416
150	2383	13401
151	2399	13388
152	2416	13375
153	2432	13361
154	2445	13333
155	2461	13317
156	2477	13302
157	2493	13290
158	2509	13274
159	2525	13260
160	2542	13248
161	2557	13231
162	2574	13220
163	2590	13204
164	2606	13189
165	2622	13173
166	2638	13161
167	2654	13147
168	2670	13131
169	2687	13119
170	2703	13105
171	2719	13089
172	2735	13075
173	2751	13061
174	2767	13047
175	2784	13036
176	2800	13019
177	2816	13006
178	2832	12991
179	2848	12978
180	2864	12963
181	2880	12948
182	2896	12932
183	2912	12916
184	2928	12899
185	2943	12883
186	2960	12870
187	2976	12854
188	2992	12838
189	3007	12823
190	3024	12809
191	3040	12793
192	3055	12777
193	3071	12762
194	3088	12747
195	3104	12733
196	3120	12719
197	3137	12706
198	3152	12690
199	3168	12675
200	3184	12659
201	3201	12645
202	3216	12629
203	3232	12614
204	3248	12597
205	3264	12581
206	3279	12564
207	3295	12549
208	3311	12533
209	3327	12517
210	3342	12500
211	3358	12485
212	3375	12471
213	3390	12454
214	3406	12438
215	3423	12424
216	3438	12408
217	3455	12394
218	3471	12379
219	3487	12363
220	3503	12348
221	3519	12333
222	3535	12319
223	3551	12303
224	3567	12286
225	3582	12270
226	3598	12254
227	3614	12237
228	3629	12220
229	3645	12204
230	3661	12189
231	3677	12174
232	3693	12158
233	3709	12143
234	3725	12129
235	3741	12113
236	3757	12097
237	3773	12081
238	3789	12066
239	3805	12049
240	3821	12034
241	3837	12019
242	3852	12002
243	3869	11990
244	3885	11974
245	3901	11959
246	3917	11943
247	3933	11928
248	3950	11914
249	3966	11899
250	3982	11883
251	3998	11867
252	4014	11852
253	4030	11837
254	4046	11820
255	4061	11804
256	4077	11787
257	4093	11772
258	4109	11756
259	4125	11741
260	4141	11727
261	4157	11710
262	4173	11695
263	4190	11681
264	4206	11667
265	4222	11651
266	4238	11635
267	4253	11618
268	4271	11607
269	4287	11591
270	4303	11576
271	4320	11563
272	4336	11547
273	4352	11532
274	4368	11515
275	4384	11500
276	4399	11483
277	4415	11467
278	4430	11450
279	4447	11436
280	4463	11420
281	4479	11406
282	4495	11389
283	4511	11373
284	4526	11356
285	4542	11340
286	4558	11324
287	4573	11307
288	4590	11292
289	4606	11278
290	4622	11263
291	4639	11248
292	4655	11232
293	4671	11216
294	4687	11202
295	4704	11187
296	4720	11173
297	4736	11156
298	4751	11140
299	4768	11125
300	4783	11109
301	4799	11092
302	4814	11075
303	4830	11059
304	4847	11045
305	4863	11029
306	4879	11014
307	4897	11002
308	4913	10988
309	4929	10972
310	4945	10957
311	4961	10941
312	4977	10925
313	4994	10910
314	5009	10894
315	5025	10878
316	5041	10862
317	5057	10847
318	5074	10831
319	5089	10815
320	5106	10801
321	5122	10785
322	5138	10770
323	5154	10754
324	5170	10738
325	5186	10723
326	5202	10707
327	5218	10691
328	5234	10674
329	5249	10658
330	5265	10641
331	5280	10624
332	5296	10608
333	5311	10592
334	5327	10575
335	5343	10559
336	5359	10544
337	5375	10528
338	5391	10512
339	5407	10496
340	5422	10479
341	5439	10464
342	5455	10449
343	5471	10433
344	5487	10418
345	5502	10401
346	5518	10385
347	5535	10370
348	5551	10355
349	5567	10339
350	5582	10322
351	5599	10307
352	5614	10290
353	5630	10275
354	5646	10259
355	5662	10244
356	5678	10227
357	5694	10212
358	5710	10196
359	5725	10179
360	5742	10164
361	5757	10147
362	5774	10132
363	5790	10117
364	5806	10101
365	5821	10084
366	5837	10069
367	5853	10052
368	5869	10036
369	5884	10020
370	5900	10004
371	5916	9987
372	5931	9970
373	5947	9954
374	5962	9938
375	5978	9921
376	5994	9905
377	6010	9889
378	6025	9872
379	6040	9856
380	6056	9839
381	6071	9822
382	6087	9806
383	6103	9791
384	6119	9774
385	6135	9759
386	6151	9743
387	6167	9728
388	6183	9712
389	6199	9696
390	6214	9680
391	6230	9663
392	6246	9648
393	6262	9632
394	6278	9616
395	6294	9600
396	6310	9584
397	6326	9569
398	6342	9552
399	6357	9536
400	6373	9520
401	6389	9504
402	6405	9488
403	6420	9472
404	6437	9457
405	6452	9440
406	6468	9424
407	6484	9409
408	6500	9393
409	6516	9376
410	6532	9361
411	6548	9345
412	6564	9329
413	6580	9313
414	6595	9297
415	6611	9281
416	6627	9266
417	6643	9250
418	6659	9234
419	6676	9219
420	6693	9205
421	6708	9189
422	6724	9172
423	6740	9157
424	6756	9140
425	6771	9124
426	6787	9108
427	6803	9092
428	6819	9076
429	6835	9060
430	6851	9045
431	6866	9028
432	6882	9012
433	6898	8996
434	6913	8979
435	6929	8963
436	6945	8948
437	6961	8931
438	6976	8915
439	6993	8900
440	7008	8884
441	7024	8868
442	7040	8852
443	7056	8836
444	7071	8820
445	7087	8804
446	7104	8788
447	7120	8773
448	7136	8757
449	7152	8742
450	7169	8727
451	7184	8710
452	7200	8694
453	7216	8678
454	7232	8662
455	7247	8646
456	7264	8631
457	7280	8615
458	7296	8600
459	7312	8584
460	7328	8568
461	7343	8551
462	7359	8535
463	7375	8519
464	7390	8503
465	7406	8487
466	7422	8471
467	7438	8455
468	7454	8439
469	7470	8423
470	7486	8408
471	7502	8393
472	7519	8377
473	7534	8361
474	7550	8345
475	7567	8330
476	7584	8315
477	7599	8299
478	7616	8283
479	7631	8267
480	7647	8251
481	7663	8235
482	7679	8220
483	7695	8204
484	7711	8188
485	7727	8172
486	7743	8156
487	7759	8141
488	7775	8125
489	7791	8109
490	7807	8093
491	7823	8078
492	7839	8061
493	7855	8045
494	7870	8029
495	7887	8014
496	7902	7998
497	7918	7981
498	7934	7966
499	7949	7949
500	7965	7933
501	7981	7917
502	7996	7901
503	8012	7884
504	8027	7868
505	8042	7852
506	8058	7836
507	8074	7820
508	8090	7804
509	8105	7788
510	8121	7772
511	8137	7755
512	8153	7740
513	8169	7724
514	8186	7709
515	8202	7693
516	8218	7677
517	8233	7661
518	8249	7645
519	8265	7629
520	8280	7613
521	8296	7597
522	8312	7581
523	8328	7565
524	8344	7549
525	8359	7533
526	8375	7517
527	8391	7501
528	8407	7485
529	8423	7469
530	8439	7453
531	8454	7437
532	8471	7422
533	8487	7406
534	8504	7391
535	8519	7375
536	8536	7359
537	8552	7343
538	8567	7327
539	8583	7311
540	8599	7295
541	8615	7279
542	8631	7264
543	8647	7248
544	8663	7232
545	8680	7217
546	8695	7201
547	8711	7185
548	8727	7169
549	8743	7153
550	8759	7137
551	8775	7122
552	8791	7106
553	8806	7089
554	8822	7073
555	8837	7057
556	8853	7041
557	8869	7025
558	8885	7009
559	8901	6994
560	8916	6977
561	8932	6961
562	8948	6945
563	8964	6929
564	8979	6913
565	8995	6897
566	9011	6881
567	9027	6865
568	9042	6849
569	9058	6833
570	9074	6818
571	9090	6801
572	9106	6786
573	9122	6770
574	9139	6754
575	9154	6739
576	9171	6723
577	9186	6707
578	9202	6691
579	9218	6675
580	9233	6659
581	9250	6643
582	9265	6627
583	9281	6611
584	9297	6595
585	9313	6579
586	9328	6563
587	9344	6547
588	9360	6531
589	9377	6516
590	9392	6500
591	9408	6484
592	9424	6468
593	9439	6452
594	9455	6436
595	9471	6420
596	9486	6403
597	9502	6387
598	9518	6371
599	9534	6356
600	9550	6340
601	9566	6324
602	9581	6308
603	9597	6292
604	9613	6276
605	9628	6260
606	9644	6244
607	9660	6228
608	9680	6215
609	9696	6199
610	9711	6183
611	9727	6167
612	9743	6151
613	9758	6134
614	9774	6119
615	9790	6103
616	9806	6087
617	9821	6071
618	9837	6054
619	9853	6039
620	9868	6022
621	9884	6006
622	9899	5990
623	9916	5975
624	9932	5959
625	9948	5943
626	9963	5927
627	9979	5911
628	9995	5895
629	10010	5879
630	10026	5863
631	10042	5847
632	10057	5831
633	10074	5815
634	10089	5799
635	10105	5783
636	10121	5767
637	10137	5751
638	10153	5736
639	10169	5720
640	10185	5704
641	10201	5688
642	10217	5672
643	10233	5656
644	10249	5640
645	10265	5625
646	10281	5609
647	10297	5593
648	10312	5577
649	10328	5561
650	10344	5545
651	10360	5529
652	10376	5513
653	10391	5497
654	10407	5481
655	10424	5466
656	10440	5450
657	10457	5435
658	10473	5419
659	10489	5403
660	10505	5387
661	10521	5372
662	10537	5356
663	10553	5340
664	10569	5324
665	10585	5308
666	10600	5292
667	10616	5276
668	10632	5260
669	10648	5244
670	10663	5228
671	10680	5212
672	10696	5197
673	10712	5181
674	10728	5165
675	10744	5149
676	10760	5133
677	10776	5117
678	10791	5101
679	10807	5085
680	10823	5069
681	10839	5054
682	10855	5038
683	10874	5023
684	10891	5008
685	10908	4993
686	10924	4977
687	10940	4961
688	10956	4945
689	10972	4929
690	10988	4913
691	11004	4897
692	11021	4882
693	11036	4866
694	11053	4851
695	11072	4836
696	11088	4820
697	11105	4804
698	11121	4789
699	11138	4773
700	11154	4757
701	11169	4741
702	11185	4725
703	11201	4709
704	11217	4693
705	11232	4677
706	11249	4661
707	11265	4646
708	11281	4630
709	11297	4614
710	11313	4598
711	11328	4582
712	11344	4566
713	11360	4550
714	11376	4534
715	11391	4518
716	11407	4502
717	11424	4487
718	11440	4471
719	11457	4455
720	11472	4439
721	11488	4423
722	11506	4408
723	11522	4392
724	11537	4376
725	11554	4360
726	11570	4344
727	11586	4328
728	11601	4312
729	11617	4296
730	11633	4280
731	11649	4265
732	11665	4249
733	11682	4233
734	11698	4217
735	11714	4201
736	11730	4185
737	11746	4170
738	11762	4154
739	11778	4138
740	11793	4122
741	11809	4106
742	11824	4090
743	11840	4074
744	11855	4057
745	11871	4041
746	11886	4025
747	11902	4009
748	11917	3993
749	11933	3977
750	11948	3961
751	11964	3945
752	11980	3930
753	11996	3913
754	12012	3898
755	12029	3882
756	12044	3866
757	12061	3850
758	12077	3834
759	12092	3818
760	12108	3802
761	12124	3786
762	12139	3770
763	12155	3754
764	12171	3738
765	12187	3723
766	12203	3707
767	12219	3691
768	12235	3675
769	12251	3659
770	12267	3643
771	12282	3627
772	12299	3611
773	12315	3595
774	12331	3580
775	12347	3564
776	12362	3548
777	12378	3532
778	12394	3516
779	12410	3500
780	12426	3484
781	12442	3468
782	12458	3452
783	12474	3436
784	12490	3420
785	12506	3405
786	12523	3389
787	12538	3373
788	12554	3357
789	12570	3341
790	12586	3325
791	12603	3309
792	12619	3294
793	12635	3278
794	12651	3262
795	12667	3246
796	12683	3230
797	12698	3214
798	12714	3198
799	12730	3182
800	12746	3166
801	12761	3150
802	12777	3134
803	12793	3118
804	12810	3103
805	12825	3087
806	12841	3071
807	12857	3055
808	12872	3039
809	12889	3023
810	12905	3007
811	12921	2991
812	12937	2975
813	12953	2959
814	12968	2943
815	12984	2927
816	13000	2911
817	13015	2895
818	13031	2880
819	13047	2864
820	13062	2847
821	13078	2832
822	13093	2816
823	13109	2800
824	13124	2784
825	13140	2768
826	13155	2752
827	13171	2736
828	13187	2720
829	13203	2704
830	13218	2688
831	13235	2672
832	13251	2656
833	13266	2640
834	13282	2624
835	13297	2608
836	13313	2592
837	13328	2576
838	13344	2560
839	13361	2544
840	13376	2528
841	13392	2513
842	13408	2497
843	13424	2481
844	13439	2465
845	13455	2449
846	13470	2433
847	13486	2417
848	13502	2401
849	13518	2385
850	13534	2369
851	13550	2353
852	13565	2337
853	13581	2321
854	13596	2305
855	13612	2289
856	13627	2273
857	13642	2257
858	13658	2241
859	13674	2226
860	13689	2210
861	13705	2194
862	13721	2178
863	13736	2162
864	13752	2146
865	13768	2130
866	13783	2114
867	13800	2098
868	13815	2082
869	13831	2066
870	13847	2050
871	13863	2035
872	13879	2019
873	13894	2003
874	13909	1987
875	13926	1971
876	13941	1955
877	13956	1939
878	13972	1923
879	13988	1907
880	14004	1891
881	14020	1875
882	14036	1859
883	14052	1844
884	14068	1828
885	14084	1812
886	14100	1796
887	14116	1780
888	14132	1764
889	14148	1748
890	14163	1732
891	14180	1716
892	14195	1700
893	14212	1685
894	14228	1669
895	14244	1653
896	14260	1637
897	14276	1621
898	14291	1605
899	14307	1589
900	14323	1573
901	14339	1557
902	14355	1542
903	14370	1526
904	14386	1510
905	14403	1494
906	14418	1478
907	14434	1462
908	14450	1446
909	14466	1430
910	14482	1414
911	14498	1398
912	14514	1383
913	14530	1367
914	14546	1351
915	14561	1335
916	14577	1319
917	14592	1303
918	14608	1287
919	14623	1271
920	14639	1255
921	14655	1239
922	14671	1223
923	14687	1208
924	14702	1192
925	14718	1176
926	14733	1160
927	14749	1144
928	14765	1128
929	14780	1112
930	14796	1096
931	14811	1080
932	14827	1064
933	14843	1048
934	14858	1032
935	14874	1017
936	14890	1001
937	14905	985
938	14921	969
939	14936	953
940	14952	937
941	14967	921
942	14983	905
943	14999	889
944	15015	873
945	15030	857
946	15046	842
947	15062	826
948	15077	810
949	15094	794
950	15109	778
951	15124	762
952	15140	746
953	15156	730
954	15172	714
955	15188	699
956	15203	683
957	15218	667
958	15235	651
959	15250	635
960	15266	619
961	15282	603
962	15297	587
963	15313	571
964	15329	555
965	15345	540
966	15361	524
967	15377	508
968	15393	492
969	15409	476
970	15425	460
971	15441	444
972	15456	428
973	15473	413
974	15489	397
975	15505	381
976	15521	365
977	15537	349
978	15553	333
979	15568	317
980	15584	301
981	15600	285
982	15616	270
983	15632	254
984	15648	238
985	15664	222
986	15679	206
987	15695	190
988	15710	174
989	15726	158
990	15741	142
991	15757	127
992	15773	111
993	15788	95
994	15804	79
995	15820	63
996	15836	47
997	15851	31
998	15867	15
999	15882	0
